date,month,year,num
16,สิงหาคม,2563,88
1,สิงหาคม,2563,92
16,กรกฎาคม,2563,53
1,กรกฎาคม,2563,83
16,มิถุนายน,2563,64
1,มิถุนายน,2563,24
1,เมษายน,2563,22
16,มีนาคม,2563,77
1,มีนาคม,2563,98
16,กุมภาพันธ์,2563,94
1,กุมภาพันธ์,2563,06
17,มกราคม,2563,68
30,ธันวาคม,2562,81
16,ธันวาคม,2562,97
1,ธันวาคม,2562,81
16,พฤศจิกายน,2562,32
1,พฤศจิกายน,2562,79
16,ตุลาคม,2562,15
1,ตุลาคม,2562,59
16,กันยายน,2562,85
1,กันยายน,2562,20
16,สิงหาคม,2562,89
1,สิงหาคม,2562,58
15,กรกฎาคม,2562,88
1,กรกฎาคม,2562,86
16,มิถุนายน,2562,29
1,มิถุนายน,2562,46
16,พฤษภาคม,2562,71
2,พฤษภาคม,2562,25
16,เมษายน,2562,23
1,เมษายน,2562,52
16,มีนาคม,2562,64
1,มีนาคม,2562,65
16,กุมภาพันธ์,2562,56
1,กุมภาพันธ์,2562,04
17,มกราคม,2562,65
30,ธันวาคม,2561,02
16,ธันวาคม,2561,62
1,ธันวาคม,2561,67
16,พฤศจิกายน,2561,16
1,พฤศจิกายน,2561,58
16,ตุลาคม,2561,93
1,ตุลาคม,2561,99
16,กันยายน,2561,79
1,กันยายน,2561,26
16,สิงหาคม,2561,10
1,สิงหาคม,2561,78
16,กรกฎาคม,2561,27
1,กรกฎาคม,2561,83
16,มิถุนายน,2561,46
1,มิถุนายน,2561,95
16,พฤษภาคม,2561,20
2,พฤษภาคม,2561,85
16,เมษายน,2561,60
1,เมษายน,2561,85
16,มีนาคม,2561,82
2,มีนาคม,2561,29
16,กุมภาพันธ์,2561,39
1,กุมภาพันธ์,2561,31
17,มกราคม,2561,50
30,ธันวาคม,2560,98
16,ธันวาคม,2560,89
1,ธันวาคม,2560,33
16,พฤศจิกายน,2560,98
1,พฤศจิกายน,2560,85
16,ตุลาคม,2560,86
1,ตุลาคม,2560,52
16,กันยายน,2560,71
1,กันยายน,2560,65
16,สิงหาคม,2560,37
1,สิงหาคม,2560,36
16,กรกฎาคม,2560,87
1,กรกฎาคม,2560,26
16,มิถุนายน,2560,47
1,มิถุนายน,2560,61
16,พฤษภาคม,2560,53
2,พฤษภาคม,2560,35
16,เมษายน,2560,40
1,เมษายน,2560,80
16,มีนาคม,2560,92
1,มีนาคม,2560,78
16,กุมภาพันธ์,2560,14
1,กุมภาพันธ์,2560,42
17,มกราคม,2560,25
30,ธันวาคม,2559,46
16,ธันวาคม,2559,35
1,ธันวาคม,2559,77
16,พฤศจิกายน,2559,44
1,พฤศจิกายน,2559,86
16,ตุลาคม,2559,98
1,ตุลาคม,2559,33
16,กันยายน,2559,42
1,กันยายน,2559,62
16,สิงหาคม,2559,33
1,สิงหาคม,2559,57
16,กรกฎาคม,2559,55
1,กรกฎาคม,2559,53
16,มิถุนายน,2559,79
1,มิถุนายน,2559,14
16,พฤษภาคม,2559,98
2,พฤษภาคม,2559,02
16,เมษายน,2559,87
1,เมษายน,2559,92
16,มีนาคม,2559,32
1,มีนาคม,2559,06
16,กุมภาพันธ์,2559,98
1,กุมภาพันธ์,2559,09
17,มกราคม,2559,50
30,ธันวาคม,2558,02
17,ธันวาคม,2558,08
1,ธันวาคม,2558,78
16,พฤศจิกายน,2558,03
1,พฤศจิกายน,2558,45
16,ตุลาคม,2558,62
1,ตุลาคม,2558,07
16,กันยายน,2558,06
1,กันยายน,2558,89
16,สิงหาคม,2558,40
1,สิงหาคม,2558,53
16,กรกฎาคม,2558,49
1,กรกฎาคม,2558,26
16,มิถุนายน,2558,05
2,มิถุนายน,2558,65
16,พฤษภาคม,2558,38
2,พฤษภาคม,2558,30
16,เมษายน,2558,38
1,เมษายน,2558,70
16,มีนาคม,2558,92
1,มีนาคม,2558,34
16,กุมภาพันธ์,2558,90
1,กุมภาพันธ์,2558,79
16,มกราคม,2558,74
30,ธันวาคม,2557,57
16,ธันวาคม,2557,90
1,ธันวาคม,2557,11
16,พฤศจิกายน,2557,25
1,พฤศจิกายน,2557,44
16,ตุลาคม,2557,94
1,ตุลาคม,2557,44
16,กันยายน,2557,35
1,กันยายน,2557,22
16,สิงหาคม,2557,91
1,สิงหาคม,2557,82
10,กรกฎาคม,2557,45
1,กรกฎาคม,2557,39
16,มิถุนายน,2557,95
1,มิถุนายน,2557,18
16,พฤษภาคม,2557,20
2,พฤษภาคม,2557,52
16,เมษายน,2557,26
1,เมษายน,2557,95
16,มีนาคม,2557,79
1,มีนาคม,2557,35
16,กุมภาพันธ์,2557,01
1,กุมภาพันธ์,2557,95
16,มกราคม,2557,52
30,ธันวาคม,2556,48
16,ธันวาคม,2556,79
1,ธันวาคม,2556,27
16,พฤศจิกายน,2556,28
1,พฤศจิกายน,2556,47
16,ตุลาคม,2556,60
1,ตุลาคม,2556,14
16,กันยายน,2556,63
1,กันยายน,2556,05
16,สิงหาคม,2556,20
1,สิงหาคม,2556,82
16,กรกฎาคม,2556,86
1,กรกฎาคม,2556,51
16,มิถุนายน,2556,69
1,มิถุนายน,2556,90
16,พฤษภาคม,2556,56
2,พฤษภาคม,2556,07
16,เมษายน,2556,86
1,เมษายน,2556,53
16,มีนาคม,2556,52
1,มีนาคม,2556,37
16,กุมภาพันธ์,2556,09
1,กุมภาพันธ์,2556,66
16,มกราคม,2556,08
30,ธันวาคม,2555,00
16,ธันวาคม,2555,72
1,ธันวาคม,2555,43
16,พฤศจิกายน,2555,15
1,พฤศจิกายน,2555,63
16,ตุลาคม,2555,28
1,ตุลาคม,2555,58
16,กันยายน,2555,79
1,กันยายน,2555,07
16,สิงหาคม,2555,28
1,สิงหาคม,2555,50
16,กรกฎาคม,2555,11
1,กรกฎาคม,2555,60
16,มิถุนายน,2555,51
1,มิถุนายน,2555,38
16,พฤษภาคม,2555,31
2,พฤษภาคม,2555,29
16,เมษายน,2555,62
1,เมษายน,2555,69
16,มีนาคม,2555,08
1,มีนาคม,2555,79
16,กุมภาพันธ์,2555,18
1,กุมภาพันธ์,2555,32
16,มกราคม,2555,81
30,ธันวาคม,2554,65
16,ธันวาคม,2554,21
1,ธันวาคม,2554,02
16,พฤศจิกายน,2554,57
1,พฤศจิกายน,2554,54
16,ตุลาคม,2554,83
1,ตุลาคม,2554,15
16,กันยายน,2554,28
1,กันยายน,2554,85
16,สิงหาคม,2554,62
1,สิงหาคม,2554,12
16,กรกฎาคม,2554,12
1,กรกฎาคม,2554,51
16,มิถุนายน,2554,88
1,มิถุนายน,2554,46
16,พฤษภาคม,2554,05
2,พฤษภาคม,2554,85
16,เมษายน,2554,44
1,เมษายน,2554,01
16,มีนาคม,2554,96
1,มีนาคม,2554,97
16,กุมภาพันธ์,2554,27
1,กุมภาพันธ์,2554,55
16,มกราคม,2554,23
30,ธันวาคม,2553,49
16,ธันวาคม,2553,24
1,ธันวาคม,2553,09
16,พฤศจิกายน,2553,43
1,พฤศจิกายน,2553,59
16,ตุลาคม,2553,42
1,ตุลาคม,2553,02
16,กันยายน,2553,66
1,กันยายน,2553,11
16,สิงหาคม,2553,64
1,สิงหาคม,2553,10
16,กรกฎาคม,2553,34
1,กรกฎาคม,2553,68
16,มิถุนายน,2553,73
1,มิถุนายน,2553,81
16,พฤษภาคม,2553,12
2,พฤษภาคม,2553,06
16,เมษายน,2553,96
1,เมษายน,2553,22
16,มีนาคม,2553,97
1,มีนาคม,2553,97
16,กุมภาพันธ์,2553,03
1,กุมภาพันธ์,2553,14
16,มกราคม,2553,67
30,ธันวาคม,2552,87
16,ธันวาคม,2552,05
1,ธันวาคม,2552,59
16,พฤศจิกายน,2552,58
1,พฤศจิกายน,2552,85
16,ตุลาคม,2552,00
1,ตุลาคม,2552,06
16,กันยายน,2552,48
1,กันยายน,2552,32
16,สิงหาคม,2552,96
1,สิงหาคม,2552,92
16,กรกฎาคม,2552,94
1,กรกฎาคม,2552,66
16,มิถุนายน,2552,15
1,มิถุนายน,2552,26
16,พฤษภาคม,2552,54
2,พฤษภาคม,2552,11
16,เมษายน,2552,33
1,เมษายน,2552,50
16,มีนาคม,2552,36
1,มีนาคม,2552,67
16,กุมภาพันธ์,2552,93
1,กุมภาพันธ์,2552,69
16,มกราคม,2552,25
30,ธันวาคม,2551,22
16,ธันวาคม,2551,25
1,ธันวาคม,2551,05
16,พฤศจิกายน,2551,20
1,พฤศจิกายน,2551,76
16,ตุลาคม,2551,98
1,ตุลาคม,2551,67
16,กันยายน,2551,56
1,กันยายน,2551,09
16,สิงหาคม,2551,36
1,สิงหาคม,2551,11
16,กรกฎาคม,2551,41
1,กรกฎาคม,2551,50
16,มิถุนายน,2551,75
1,มิถุนายน,2551,35
16,พฤษภาคม,2551,69
2,พฤษภาคม,2551,62
16,เมษายน,2551,64
1,เมษายน,2551,71
16,มีนาคม,2551,33
1,มีนาคม,2551,05
16,กุมภาพันธ์,2551,80
1,กุมภาพันธ์,2551,26
16,มกราคม,2551,81
30,ธันวาคม,2550,81
16,ธันวาคม,2550,96
1,ธันวาคม,2550,18
16,พฤศจิกายน,2550,73
1,พฤศจิกายน,2550,88
16,ตุลาคม,2550,48
1,ตุลาคม,2550,76
16,กันยายน,2550,45
1,กันยายน,2550,69
16,สิงหาคม,2550,93
1,สิงหาคม,2550,29
16,กรกฎาคม,2550,77
1,กรกฎาคม,2550,76
16,มิถุนายน,2550,41
1,มิถุนายน,2550,05
16,พฤษภาคม,2550,25
2,พฤษภาคม,2550,81
16,เมษายน,2550,63
1,เมษายน,2550,93
16,มีนาคม,2550,85
1,มีนาคม,2550,61
16,กุมภาพันธ์,2550,95
1,กุมภาพันธ์,2550,56
16,มกราคม,2550,55
30,ธันวาคม,2549,07
16,ธันวาคม,2549,45
1,ธันวาคม,2549,12
16,พฤศจิกายน,2549,94
1,พฤศจิกายน,2549,29
16,ตุลาคม,2549,58
1,ตุลาคม,2549,92
16,กันยายน,2549,41
1,กันยายน,2549,44
16,สิงหาคม,2549,91
1,สิงหาคม,2549,88
16,กรกฎาคม,2549,48
1,กรกฎาคม,2549,65
16,มิถุนายน,2549,17
1,มิถุนายน,2549,99
16,พฤษภาคม,2549,71
2,พฤษภาคม,2549,27
16,เมษายน,2549,49
1,เมษายน,2549,95
16,มีนาคม,2549,30
1,มีนาคม,2549,43
16,กุมภาพันธ์,2549,66
1,กุมภาพันธ์,2549,87
16,มกราคม,2549,79
30,ธันวาคม,2548,94
16,ธันวาคม,2548,86
1,ธันวาคม,2548,17
16,พฤศจิกายน,2548,80
1,พฤศจิกายน,2548,98
16,ตุลาคม,2548,71
1,ตุลาคม,2548,24
16,กันยายน,2548,10
1,กันยายน,2548,17
16,สิงหาคม,2548,68
1,สิงหาคม,2548,26
16,กรกฎาคม,2548,13
1,กรกฎาคม,2548,87
16,มิถุนายน,2548,44
1,มิถุนายน,2548,35
16,พฤษภาคม,2548,97
2,พฤษภาคม,2548,43
16,เมษายน,2548,10
1,เมษายน,2548,69
16,มีนาคม,2548,03
1,มีนาคม,2548,93
16,กุมภาพันธ์,2548,53
1,กุมภาพันธ์,2548,34
16,มกราคม,2548,08
30,ธันวาคม,2547,28
16,ธันวาคม,2547,17
1,ธันวาคม,2547,69
16,พฤศจิกายน,2547,64
1,พฤศจิกายน,2547,23
16,ตุลาคม,2547,62
1,ตุลาคม,2547,66
16,กันยายน,2547,59
1,กันยายน,2547,70
16,สิงหาคม,2547,59
2,สิงหาคม,2547,45
16,กรกฎาคม,2547,25
1,กรกฎาคม,2547,66
16,มิถุนายน,2547,87
1,มิถุนายน,2547,72
16,พฤษภาคม,2547,13
2,พฤษภาคม,2547,91
16,เมษายน,2547,12
1,เมษายน,2547,62
16,มีนาคม,2547,69
1,มีนาคม,2547,50
16,กุมภาพันธ์,2547,00
1,กุมภาพันธ์,2547,77
16,มกราคม,2547,96
30,ธันวาคม,2546,64
16,ธันวาคม,2546,87
1,ธันวาคม,2546,78
16,พฤศจิกายน,2546,68
1,พฤศจิกายน,2546,47
16,ตุลาคม,2546,03
1,ตุลาคม,2546,43
16,กันยายน,2546,53
1,กันยายน,2546,92
16,สิงหาคม,2546,00
1,สิงหาคม,2546,91
16,กรกฎาคม,2546,75
1,กรกฎาคม,2546,91
16,มิถุนายน,2546,29
1,มิถุนายน,2546,36
16,พฤษภาคม,2546,20
2,พฤษภาคม,2546,12
16,เมษายน,2546,21
1,เมษายน,2546,86
16,มีนาคม,2546,64
1,มีนาคม,2546,42
16,กุมภาพันธ์,2546,61
1,กุมภาพันธ์,2546,94
16,มกราคม,2546,06
30,ธันวาคม,2545,95
16,ธันวาคม,2545,67
1,ธันวาคม,2545,37
16,พฤศจิกายน,2545,55
1,พฤศจิกายน,2545,25
16,ตุลาคม,2545,51
1,ตุลาคม,2545,72
16,กันยายน,2545,85
1,กันยายน,2545,51
16,สิงหาคม,2545,57
1,สิงหาคม,2545,88
16,กรกฎาคม,2545,69
1,กรกฎาคม,2545,24
16,มิถุนายน,2545,07
1,มิถุนายน,2545,02
16,พฤษภาคม,2545,76
2,พฤษภาคม,2545,56
16,เมษายน,2545,37
1,เมษายน,2545,57
16,มีนาคม,2545,04
1,มีนาคม,2545,55
16,กุมภาพันธ์,2545,92
1,กุมภาพันธ์,2545,40
16,มกราคม,2545,14
30,ธันวาคม,2544,64
16,ธันวาคม,2544,19
1,ธันวาคม,2544,49
16,พฤศจิกายน,2544,74
1,พฤศจิกายน,2544,52
16,ตุลาคม,2544,48
1,ตุลาคม,2544,15
16,กันยายน,2544,82
1,กันยายน,2544,14
16,สิงหาคม,2544,10
1,สิงหาคม,2544,11
16,กรกฎาคม,2544,50
1,กรกฎาคม,2544,34
16,มิถุนายน,2544,75
1,มิถุนายน,2544,80
16,พฤษภาคม,2544,61
2,พฤษภาคม,2544,64
16,เมษายน,2544,28
1,เมษายน,2544,49
16,มีนาคม,2544,45
1,มีนาคม,2544,85
16,กุมภาพันธ์,2544,47
1,กุมภาพันธ์,2544,13
16,มกราคม,2544,36
30,ธันวาคม,2543,31
16,ธันวาคม,2543,91
1,ธันวาคม,2543,56
16,พฤศจิกายน,2543,10
1,พฤศจิกายน,2543,90
16,ตุลาคม,2543,39
1,ตุลาคม,2543,26
16,กันยายน,2543,05
1,กันยายน,2543,52